"","people_id","name","session","party_id","party","role_id","role","district","NBillsCosponsored","NBillsPrimary","MeanPos","MedianPos","MeanNormPos","MedianNormPos","GOP","DEM","IND","Female","LittleLeader","BigLeader"
"WPSA.L.79.1",8466,"Heidi Gansert",79,2,"R",2,"Sen","SD-015",55,11,8.72727272727273,5,0.460046307060374,0.380952380952381,1,0,0,1,1,0
"WPSA.L.80.1",8466,"Heidi Gansert",80,2,"R",2,"Sen","SD-015",1,0,NA,NA,NA,NA,1,0,0,1,1,1
"WPSA.L.81.1",8466,"Heidi Gansert",81,2,"R",2,"Sen","SD-015",60,15,9.1,7,0.740029973046277,0.898989898989899,1,0,0,1,1,1
"WPSA.L.82.1",8466,"Heidi Gansert",82,2,"R",2,"Sen","SD-015",76,22,6.02631578947368,3,0.551754780009606,0.5,1,0,0,1,0,0
"WPSA.L.77.1",8467,"Tom Grady",77,2,"R",1,"Rep","HD-038",107,4,9.24299065420561,7,0.52968324358152,0.5,1,0,0,0,1,1
"WPSA.L.77.2",8468,"John Hambrick",77,2,"R",1,"Rep","HD-002",101,9,9.08910891089109,6,0.446533596429763,0.411764705882353,1,0,0,0,0,0
"WPSA.L.78.1",8468,"John Hambrick",78,2,"R",1,"Rep","HD-002",49,14,7.6530612244898,6,0.53409527700876,0.5,1,0,0,0,1,1
"WPSA.L.79.2",8468,"John Hambrick",79,2,"R",1,"Rep","HD-002",33,6,12.3030303030303,7,0.572301028279289,0.571428571428571,1,0,0,0,0,0
"WPSA.L.80.2",8468,"John Hambrick",80,2,"R",1,"Rep","HD-002",14,3,10.7857142857143,9.5,0.550111556078455,0.535714285714286,1,0,0,0,0,0
"WPSA.L.77.3",8469,"Joseph Hardy",77,2,"R",2,"Sen","SD-012",114,23,8.04385964912281,4,0.60475323726564,0.666666666666667,1,0,0,0,1,1
"WPSA.L.78.2",8469,"Joseph Hardy",78,2,"R",2,"Sen","SD-012",59,20,3.10169491525424,2,0.600256758307606,0.6,1,0,0,0,1,1
"WPSA.L.79.3",8469,"Joseph Hardy",79,2,"R",2,"Sen","SD-012",59,18,5.16949152542373,4,0.658292321717806,0.722222222222222,1,0,0,0,0,0
"WPSA.L.80.3",8469,"Joseph Hardy",80,2,"R",2,"Sen","SD-012",78,32,5.11538461538461,2,0.68189260187384,0.777777777777778,1,0,0,0,1,0
"WPSA.L.81.2",8469,"Joseph Hardy",81,2,"R",2,"Sen","SD-012",90,20,4.5,3,0.605524464957543,0.5,1,0,0,0,1,0
"WPSA.L.82.2",8469,"Joseph Hardy",82,2,"R",2,"Sen","SD-012",1,0,4,4,0.222222222222222,0.222222222222222,1,0,0,0,0,0
"WPSA.L.77.4",8470,"James Settelmeyer",77,2,"R",2,"Sen","SD-017",103,22,12.3495145631068,8,0.672899442361689,0.75,1,0,0,0,0,0
"WPSA.L.78.3",8470,"James Settelmeyer",78,2,"R",2,"Sen","SD-017",78,18,9.62820512820513,5.5,0.789413885744781,1,1,0,0,0,1,1
"WPSA.L.79.4",8470,"James Settelmeyer",79,2,"R",2,"Sen","SD-017",67,20,9.74626865671642,5,0.707853615731903,0.88235294117647,1,0,0,0,1,1
"WPSA.L.80.4",8470,"James Settelmeyer",80,2,"R",2,"Sen","SD-017",83,29,6.02409638554217,2,0.714279922089208,0.952380952380952,1,0,0,0,1,1
"WPSA.L.81.3",8470,"James Settelmeyer",81,2,"R",2,"Sen","SD-017",79,25,5.08860759493671,2,0.688230926109297,0.875,1,0,0,0,1,1
"WPSA.L.77.5",8471,"Melissa Woodbury",77,2,"R",1,"Rep","HD-023",54,3,21.7037037037037,16,0.826977285332597,0.897368421052632,1,0,0,1,0,0
"WPSA.L.78.4",8471,"Melissa Woodbury",78,2,"R",1,"Rep","HD-023",30,5,17.0333333333333,15,0.773434329609061,0.870833333333333,1,0,0,1,0,0
"WPSA.L.79.5",8471,"Melissa Woodbury",79,2,"R",1,"Rep","HD-023",20,5,25.45,14.5,0.713354925303455,0.650793650793651,1,0,0,1,1,1
"WPSA.L.77.6",8472,"Lynn Stewart",77,2,"R",1,"Rep","HD-022",112,12,14.7142857142857,11.5,0.754665812780887,0.833333333333333,1,0,0,0,1,1
"WPSA.L.78.5",8472,"Lynn Stewart",78,2,"R",1,"Rep","HD-022",55,9,13.8,11,0.724372922234745,0.764705882352941,1,0,0,0,0,0
"WPSA.L.79.6",8472,"Lynn Stewart",79,2,"R",1,"Rep","HD-022",1,0,5,5,0.833333333333333,0.833333333333333,1,0,0,0,0,0
"WPSA.L.77.7",8474,"Mark Manendo",77,1,"D",2,"Sen","SD-021",90,12,12.4888888888889,9,0.660324891513714,0.666666666666667,0,1,0,0,0,0
"WPSA.L.78.6",8474,"Mark Manendo",78,1,"D",2,"Sen","SD-021",105,11,9.86666666666667,7,0.670896041398409,0.714285714285714,0,1,0,0,0,0
"WPSA.L.79.7",8474,"Mark Manendo",79,1,"D",2,"Sen","SD-021",123,13,9.26829268292683,7,0.613817949931665,0.647058823529412,0,1,0,0,0,0
"WPSA.L.80.5",8474,"Mark Manendo",80,1,"D",2,"Sen","SD-021",3,0,9.33333333333333,8,0.738461538461539,0.75,0,1,0,0,0,0
"WPSA.L.77.8",8488,"Sheila Leslie",77,1,"D",2,"Sen","SD-001",2,1,3.5,3.5,0.875,0.875,0,1,0,1,0,0
"WPSA.L.77.9",8490,"John Oceguera",77,1,"D",1,"Rep","HD-016",2,0,8.5,8.5,0.636904761904762,0.636904761904762,0,1,0,0,0,0
"WPSA.L.77.10",8491,"Joseph Hogan",77,1,"D",1,"Rep","HD-010",55,3,14.5272727272727,9,0.626458944115941,0.666666666666667,0,1,0,0,0,0
"WPSA.L.78.7",8491,"Joseph Hogan",78,1,"D",1,"Rep","HD-010",1,0,15,15,0.9375,0.9375,0,1,0,0,0,0
"WPSA.L.79.8",8493,"Richard McArthur",79,2,"R",1,"Rep","HD-004",17,3,20.2352941176471,13,0.698725702402173,0.73015873015873,1,0,0,0,0,0
"WPSA.L.81.4",8493,"Richard McArthur",81,2,"R",1,"Rep","HD-004",40,3,12.65,10.5,0.720187436799489,0.771241830065359,1,0,0,0,0,0
"WPSA.L.82.3",8493,"Richard McArthur",82,2,"R",1,"Rep","HD-004",23,3,11.4347826086957,11,0.73671758997846,0.857142857142857,1,0,0,0,0,0
"WPSA.L.77.11",8494,"Marcus Conklin",77,1,"D",1,"Rep","HD-037",3,0,5.33333333333333,5,0.466269841269841,0.375,0,1,0,0,0,0
"WPSA.L.77.12",8496,"Marilyn Dondero Loop",77,1,"D",1,"Rep","SD-008",55,7,10.1090909090909,8,0.531975378282108,0.53968253968254,0,1,0,1,0,0
"WPSA.L.80.6",8496,"Marilyn Dondero Loop",80,1,"D",2,"Sen","SD-008",1,0,NA,NA,NA,NA,0,1,0,1,0,0
"WPSA.L.81.5",8496,"Marilyn Dondero Loop",81,1,"D",2,"Sen","SD-008",34,14,5.41176470588235,2.5,0.539366744366744,0.5,0,1,0,1,1,1
"WPSA.L.82.4",8496,"Marilyn Dondero Loop",82,1,"D",2,"Sen","SD-008",65,15,5.58461538461538,5,0.404873641974298,0.4,0,1,0,1,0,0
"WPSA.L.77.13",8497,"William Horne",77,1,"D",1,"Rep","HD-034",60,11,12.9333333333333,7,0.522241949573396,0.526610644257703,0,1,0,0,1,1
"WPSA.L.77.14",8498,"Marilyn Kirkpatrick",77,1,"D",1,"Rep","HD-001",105,16,8.87619047619048,5,0.596305705117619,0.608695652173913,0,1,0,1,1,1
"WPSA.L.78.8",8498,"Marilyn Kirkpatrick",78,1,"D",1,"Rep","HD-001",72,17,5.73611111111111,4,0.566110938307526,0.532388663967611,0,1,0,1,1,1
"WPSA.L.77.15",8500,"James Ohrenschall",77,1,"D",1,"Rep","HD-012",79,13,12.4683544303797,8,0.703893465598598,0.709677419354839,0,1,0,0,0,0
"WPSA.L.78.9",8500,"James Ohrenschall",78,1,"D",1,"Rep","HD-012",62,11,10.5967741935484,7.5,0.665646064158988,0.685855263157895,0,1,0,0,0,0
"WPSA.L.79.9",8500,"James Ohrenschall",79,1,"D",1,"Rep","HD-012",74,17,11.1891891891892,4,0.685923168657032,0.75,0,1,0,0,0,0
"WPSA.L.80.7",8500,"James Ohrenschall",80,1,"D",2,"Sen","SD-021",96,20,6.61458333333333,5,0.707633803072166,0.803846153846154,0,1,0,0,0,0
"WPSA.L.81.6",8500,"James Ohrenschall",81,1,"D",2,"Sen","SD-021",55,18,6.83636363636364,3,0.693208887567176,0.777777777777778,0,1,0,0,0,0
"WPSA.L.82.5",8500,"James Ohrenschall",82,1,"D",2,"Sen","SD-021",96,21,8.125,7,0.735784389820558,0.8,0,1,0,0,0,0
"WPSA.L.77.16",8501,"Debbie Smith",77,1,"D",2,"Sen","SD-013",76,17,11.4868421052632,7,0.620187626691018,0.713709677419355,0,1,0,1,1,0
"WPSA.L.78.10",8501,"Debbie Smith",78,1,"D",2,"Sen","SD-013",48,17,10.6875,6.5,0.532452831137424,0.599358974358974,0,1,0,1,1,0
"WPSA.L.77.17",8502,"Moises Denis",77,1,"D",2,"Sen","SD-002",84,25,8.32142857142857,3,0.449252234372871,0.333333333333333,0,1,0,0,1,1
"WPSA.L.78.11",8502,"Moises Denis",78,1,"D",2,"Sen","SD-002",108,12,7.71296296296296,6,0.561022952542447,0.547727272727273,0,1,0,0,0,0
"WPSA.L.79.10",8502,"Moises Denis",79,1,"D",2,"Sen","SD-002",101,19,6.88118811881188,6,0.514591814128186,0.461538461538462,0,1,0,0,1,1
"WPSA.L.80.8",8502,"Moises Denis",80,1,"D",2,"Sen","SD-002",83,19,6.03614457831325,5,0.597012113005354,0.615384615384615,0,1,0,0,1,1
"WPSA.L.81.7",8502,"Moises Denis",81,1,"D",2,"Sen","SD-002",45,15,6.66666666666667,4,0.615337255337255,0.6,0,1,0,0,1,1
"WPSA.L.77.18",8503,"April Mastroluca",77,1,"D",1,"Rep","HD-029",1,0,9,9,0.642857142857143,0.642857142857143,0,1,0,1,0,0
"WPSA.L.77.19",8506,"Maggie Carlton",77,1,"D",1,"Rep","HD-014",42,7,8.23809523809524,6,0.46773255438834,0.422222222222222,0,1,0,1,0,0
"WPSA.L.78.12",8506,"Maggie Carlton",78,1,"D",1,"Rep","HD-014",41,3,8.78048780487805,8,0.537156888902583,0.5,0,1,0,1,1,0
"WPSA.L.79.11",8506,"Maggie Carlton",79,1,"D",1,"Rep","HD-014",49,7,9.28571428571429,9,0.512431179019849,0.454545454545455,0,1,0,1,0,0
"WPSA.L.80.9",8506,"Maggie Carlton",80,1,"D",1,"Rep","HD-014",36,6,5.55555555555556,4,0.433323331290811,0.361111111111111,0,1,0,1,0,0
"WPSA.L.81.8",8506,"Maggie Carlton",81,1,"D",1,"Rep","HD-014",21,3,9.38095238095238,8,0.45849952341933,0.4,0,1,0,1,0,0
"WPSA.L.77.20",8508,"Ruben Kihuen",77,1,"D",2,"Sen","SD-010",86,10,11.3720930232558,7,0.578459040308524,0.583333333333333,0,1,0,0,1,1
"WPSA.L.78.13",8508,"Ruben Kihuen",78,1,"D",2,"Sen","SD-010",105,8,8.4952380952381,5,0.50552805942704,0.444444444444444,0,1,0,0,1,1
"WPSA.L.77.21",8510,"Richard Segerblom",77,1,"D",2,"Sen","SD-003",34,1,20.2352941176471,15.5,0.887491811530183,0.921538461538462,0,1,0,0,0,0
"WPSA.L.78.14",8510,"Richard Segerblom",78,1,"D",2,"Sen","SD-003",81,23,9.11111111111111,6,0.714957726243889,0.80952380952381,0,1,0,0,0,0
"WPSA.L.79.12",8510,"Richard Segerblom",79,1,"D",2,"Sen","SD-003",146,22,8.26027397260274,4,0.64770095089921,0.785714285714286,0,1,0,0,0,0
"WPSA.L.80.10",8510,"Richard Segerblom",80,1,"D",2,"Sen","SD-003",5,0,8.8,7,0.623670715249663,0.583333333333333,0,1,0,0,0,0
"WPSA.L.77.22",8511,"Peggy Pierce",77,1,"D",1,"Rep","HD-003",63,3,17.6349206349206,13,0.746118767230534,0.769230769230769,0,1,0,1,1,0
"WPSA.L.78.15",8511,"Peggy Pierce",78,1,"D",1,"Rep","HD-003",1,0,9,9,0.818181818181818,0.818181818181818,0,1,0,1,0,0
"WPSA.L.77.23",8512,"Don Gustavson",77,2,"R",2,"Sen","SD-014",103,16,10.2038834951456,7,0.554944822807165,0.5,1,0,0,0,0,0
"WPSA.L.78.16",8512,"Don Gustavson",78,2,"R",2,"Sen","SD-014",80,18,8.875,5.5,0.626514500697322,0.666666666666667,1,0,0,0,0,0
"WPSA.L.79.13",8512,"Don Gustavson",79,2,"R",2,"Sen","SD-014",48,7,9.33333333333333,4,0.527710922951492,0.5,1,0,0,0,0,0
"WPSA.L.77.24",8513,"Ellen Spiegel",77,1,"D",1,"Rep","HD-020",59,6,19.0338983050847,17,0.715833472957049,0.777777777777778,0,1,0,1,0,0
"WPSA.L.78.17",8513,"Ellen Spiegel",78,1,"D",1,"Rep","HD-020",50,6,14.12,12.5,0.667941380990127,0.701970443349754,0,1,0,1,0,0
"WPSA.L.79.14",8513,"Ellen Spiegel",79,1,"D",1,"Rep","HD-020",55,11,15.4,9,0.699318121206539,0.846153846153846,0,1,0,1,1,0
"WPSA.L.80.11",8513,"Ellen Spiegel",80,1,"D",1,"Rep","HD-020",50,10,9.04,5.5,0.663446904721295,0.734615384615385,0,1,0,1,0,0
"WPSA.L.77.25",8514,"Paul Aizley",77,1,"D",1,"Rep","HD-041",67,10,6.53731343283582,5,0.406037749181011,0.333333333333333,0,1,0,0,1,1
"WPSA.L.78.18",8514,"Paul Aizley",78,1,"D",1,"Rep","HD-041",3,1,5.66666666666667,2,0.498015873015873,0.333333333333333,0,1,0,0,0,0
"WPSA.L.77.26",8515,"Kelvin Atkinson",77,1,"D",2,"Sen","SD-004",81,9,9.32098765432099,5,0.504126804694059,0.5,0,1,0,0,0,0
"WPSA.L.78.19",8515,"Kelvin Atkinson",78,1,"D",2,"Sen","SD-004",100,7,7.57,5,0.551984214147531,0.6,0,1,0,0,1,1
"WPSA.L.79.15",8515,"Kelvin Atkinson",79,1,"D",2,"Sen","SD-004",78,11,6.93589743589744,5,0.42206153056359,0.4,0,1,0,0,1,0
"WPSA.L.80.12",8515,"Kelvin Atkinson",80,1,"D",2,"Sen","SD-004",18,5,5,3.5,0.502451098284432,0.5,0,1,0,0,0,0
"WPSA.L.77.27",8516,"David Bobzien",77,1,"D",1,"Rep","HD-024",86,14,6.56976744186047,4,0.431434558903507,0.325757575757576,0,1,0,0,1,1
"WPSA.L.78.20",8516,"David Bobzien",78,1,"D",1,"Rep","HD-024",4,1,2.25,2.5,0.456574675324675,0.350649350649351,0,1,0,0,0,0
"WPSA.L.77.28",8518,"Pete Goicoechea",77,2,"R",2,"Sen","SD-019",100,14,9.17,6,0.53323983681946,0.456845238095238,1,0,0,0,0,0
"WPSA.L.78.21",8518,"Pete Goicoechea",78,2,"R",2,"Sen","SD-019",61,12,8.13114754098361,5,0.645660794142529,0.7,1,0,0,0,0,0
"WPSA.L.79.16",8518,"Pete Goicoechea",79,2,"R",2,"Sen","SD-019",58,12,8.25862068965517,6,0.561532390317446,0.55050505050505,1,0,0,0,0,0
"WPSA.L.80.13",8518,"Pete Goicoechea",80,2,"R",2,"Sen","SD-019",52,14,5.61538461538461,3,0.579626260231326,0.5,1,0,0,0,0,0
"WPSA.L.81.9",8518,"Pete Goicoechea",81,2,"R",2,"Sen","SD-019",54,10,5.77777777777778,4,0.59060516804194,0.563492063492063,1,0,0,0,0,0
"WPSA.L.82.6",8518,"Pete Goicoechea",82,2,"R",2,"Sen","SD-019",71,14,4.8169014084507,3,0.507066752991031,0.5,1,0,0,0,0,0
"WPSA.L.77.29",8519,"Harvey Munford",77,1,"D",1,"Rep","HD-006",83,13,14.3493975903614,11,0.672524760050289,0.738095238095238,0,1,0,0,0,0
"WPSA.L.78.22",8519,"Harvey Munford",78,1,"D",1,"Rep","HD-006",48,8,13.0833333333333,12,0.617859385126699,0.615131578947368,0,1,0,0,0,0
"WPSA.L.77.30",8525,"Joyce Woodhouse",77,1,"D",2,"Sen","SD-005",85,10,14.8941176470588,11,0.617116046574979,0.612903225806452,0,1,0,1,0,0
"WPSA.L.78.23",8525,"Joyce Woodhouse",78,1,"D",2,"Sen","SD-005",104,15,8.27884615384615,4,0.561775685784716,0.566964285714286,0,1,0,1,0,0
"WPSA.L.79.17",8525,"Joyce Woodhouse",79,1,"D",2,"Sen","SD-005",121,22,10.099173553719,8,0.661394770069807,0.727272727272727,0,1,0,1,1,1
"WPSA.L.80.14",8525,"Joyce Woodhouse",80,1,"D",2,"Sen","SD-005",110,25,7.28181818181818,6,0.745829613845135,1,0,1,0,1,1,0
"WPSA.L.81.10",8525,"Joyce Woodhouse",81,1,"D",2,"Sen","SD-005",1,0,4,4,0.333333333333333,0.333333333333333,0,1,0,1,0,0
"WPSA.L.77.31",8540,"Steven Horsford",77,1,"D",2,"Sen","SD-004",4,2,5.25,4,0.635416666666667,0.6875,0,1,0,0,0,0
"WPSA.L.77.32",8542,"Michael Schneider",77,1,"D",2,"Sen","SD-011",1,0,8,8,1,1,0,1,0,0,0,0
"WPSA.L.77.33",8557,"Barbara Cegavske",77,2,"R",2,"Sen","SD-008",86,23,7.77906976744186,3,0.469671024570339,0.427083333333333,1,0,0,1,0,0
"WPSA.L.77.34",8563,"David Parks",77,1,"D",2,"Sen","SD-007",109,20,10.348623853211,5,0.603905422133407,0.6,0,1,0,0,1,1
"WPSA.L.78.24",8563,"David Parks",78,1,"D",2,"Sen","SD-007",113,18,6.70796460176991,4,0.480632478717809,0.454545454545455,0,1,0,0,0,0
"WPSA.L.79.18",8563,"David Parks",79,1,"D",2,"Sen","SD-007",134,21,7.95522388059702,5,0.515367696701625,0.451388888888889,0,1,0,0,0,0
"WPSA.L.80.15",8563,"David Parks",80,1,"D",2,"Sen","SD-007",130,26,4.83846153846154,3,0.557006436861033,0.5,0,1,0,0,0,0
"WPSA.L.81.11",8563,"David Parks",81,1,"D",2,"Sen","SD-007",1,0,5,5,0.416666666666667,0.416666666666667,0,1,0,0,0,0
"WPSA.L.77.35",8566,"Allison Copening",77,1,"D",2,"Sen","SD-006",1,1,1,1,1,1,0,1,0,1,0,0
"WPSA.L.77.36",8570,"Elliot Anderson",77,1,"D",1,"Rep","HD-015",72,7,6.59722222222222,4,0.389251727562199,0.295833333333333,0,1,0,0,0,0
"WPSA.L.78.25",8570,"Elliot Anderson",78,1,"D",1,"Rep","HD-015",60,10,5.96666666666667,5,0.433204494044125,0.375,0,1,0,0,0,0
"WPSA.L.79.19",8570,"Elliot Anderson",79,1,"D",1,"Rep","HD-015",27,9,5.96296296296296,2,0.484530775211779,0.365079365079365,0,1,0,0,0,0
"WPSA.L.80.16",8570,"Elliot Anderson",80,1,"D",1,"Rep","HD-015",3,1,3.33333333333333,3,0.293589743589744,0.230769230769231,0,1,0,0,0,0
"WPSA.L.77.37",12092,"Pete Livermore",77,2,"R",1,"Rep","HD-040",110,11,12.2909090909091,9,0.663670753797495,0.695238095238095,1,0,0,0,0,0
"WPSA.L.77.38",12093,"Ben Kieckhefer",77,2,"R",2,"Sen","SD-016",71,16,12.0281690140845,9,0.652938758199362,0.714285714285714,1,0,0,0,1,0
"WPSA.L.78.26",12093,"Ben Kieckhefer",78,2,"R",2,"Sen","SD-016",46,18,7.34782608695652,2,0.727790009708763,0.837301587301587,1,0,0,0,1,0
"WPSA.L.79.20",12093,"Ben Kieckhefer",79,2,"R",2,"Sen","SD-016",47,11,10.2127659574468,4,0.585861644522607,0.571428571428571,1,0,0,0,1,0
"WPSA.L.80.17",12093,"Ben Kieckhefer",80,2,"R",2,"Sen","SD-016",50,14,7.1,4.5,0.702559848011068,0.720779220779221,1,0,0,0,0,0
"WPSA.L.81.12",12093,"Ben Kieckhefer",81,2,"R",2,"Sen","SD-016",55,14,7.10909090909091,6,0.754179645563045,0.833333333333333,1,0,0,0,0,0
"WPSA.L.82.7",12093,"Ben Kieckhefer",82,2,"R",2,"Sen","SD-016",1,0,17,17,0.944444444444444,0.944444444444444,1,0,0,0,0,0
"WPSA.L.77.39",12094,"Richard Carrillo",77,1,"D",1,"Rep","HD-018",65,10,7.49230769230769,5,0.436655551946775,0.4,0,1,0,0,0,0
"WPSA.L.78.27",12094,"Richard Carrillo",78,1,"D",1,"Rep","HD-018",74,8,7.35135135135135,8,0.540882589398976,0.5,0,1,0,0,0,0
"WPSA.L.79.21",12094,"Richard Carrillo",79,1,"D",1,"Rep","HD-018",74,10,7.68918918918919,5,0.525403694501733,0.46031746031746,0,1,0,0,0,0
"WPSA.L.80.18",12094,"Richard Carrillo",80,1,"D",1,"Rep","HD-018",68,9,5.27941176470588,4,0.542737174094542,0.5,0,1,0,0,0,0
"WPSA.L.77.40",12095,"Randy Kirner",77,2,"R",1,"Rep","HD-026",94,10,12.2765957446809,9.5,0.639590433458352,0.659420289855073,1,0,0,0,1,0
"WPSA.L.78.28",12095,"Randy Kirner",78,2,"R",1,"Rep","HD-026",43,9,9.04651162790698,7,0.637608033666386,0.636363636363636,1,0,0,0,0,0
"WPSA.L.77.41",12097,"Lucy Flores",77,1,"D",1,"Rep","HD-028",49,9,11.4285714285714,7,0.528659997298794,0.571428571428571,0,1,0,1,1,0
"WPSA.L.77.42",12199,"John Ellison",77,2,"R",1,"Rep","HD-033",116,12,7.39655172413793,4,0.457518678628913,0.420168067226891,1,0,0,0,0,0
"WPSA.L.78.29",12199,"John Ellison",78,2,"R",1,"Rep","HD-033",73,10,5.97260273972603,5,0.507702042575511,0.470588235294118,1,0,0,0,1,1
"WPSA.L.79.22",12199,"John Ellison",79,2,"R",1,"Rep","HD-033",44,11,8.27272727272727,4.5,0.62158155853808,0.571428571428571,1,0,0,0,1,0
"WPSA.L.80.19",12199,"John Ellison",80,2,"R",1,"Rep","HD-033",60,9,4.81666666666667,3,0.669664591280445,0.666666666666667,1,0,0,0,1,0
"WPSA.L.81.13",12199,"John Ellison",81,2,"R",1,"Rep","HD-033",48,10,6.70833333333333,4.5,0.502340444644156,0.468627450980392,1,0,0,0,0,0
"WPSA.L.77.43",12200,"Ira Hansen",77,2,"R",1,"Rep","HD-032",80,11,10.55,8,0.519466880527036,0.522774327122153,1,0,0,0,0,0
"WPSA.L.78.30",12200,"Ira Hansen",78,2,"R",1,"Rep","HD-032",36,12,6.61111111111111,4,0.608573408203938,0.56959706959707,1,0,0,0,1,0
"WPSA.L.79.23",12200,"Ira Hansen",79,2,"R",1,"Rep","HD-032",26,9,12.9230769230769,8.5,0.695131921218878,0.673222912353347,1,0,0,0,0,0
"WPSA.L.80.20",12200,"Ira Hansen",80,2,"R",2,"Sen","SD-014",44,8,8.11363636363636,4,0.71777491878656,0.802439024390244,1,0,0,0,0,0
"WPSA.L.81.14",12200,"Ira Hansen",81,2,"R",2,"Sen","SD-014",38,3,7.13157894736842,5.5,0.608444119594678,0.577777777777778,1,0,0,0,0,0
"WPSA.L.82.8",12200,"Ira Hansen",82,2,"R",2,"Sen","SD-014",75,13,5.25333333333333,4,0.493640578267049,0.476190476190476,1,0,0,0,0,0
"WPSA.L.77.44",12202,"Jason Frierson",77,1,"D",1,"Rep","HD-008",71,6,10.4366197183099,7,0.530471495426591,0.5,0,1,0,0,1,0
"WPSA.L.78.31",12202,"Jason Frierson",78,1,"D",1,"Rep","HD-008",1,0,7,7,1,1,0,1,0,0,0,0
"WPSA.L.79.24",12202,"Jason Frierson",79,1,"D",1,"Rep","HD-008",82,26,7,3,0.45168850450369,0.476923076923077,0,1,0,0,1,1
"WPSA.L.80.21",12202,"Jason Frierson",80,1,"D",1,"Rep","HD-008",57,25,4.63157894736842,2,0.52350814962125,0.5,0,1,0,0,1,1
"WPSA.L.81.15",12202,"Jason Frierson",81,1,"D",1,"Rep","HD-008",38,23,4.89473684210526,1,0.526571003561541,0.5,0,1,0,0,1,1
"WPSA.L.82.9",12202,"Jason Frierson",82,1,"D",1,"Rep","HD-008",1,0,3,3,0.3,0.3,0,1,0,0,0,0
"WPSA.L.77.45",12203,"Richard Daly",77,1,"D",1,"Rep","HD-031",59,13,9.30508474576271,7,0.471637043653426,0.411764705882353,0,1,0,0,0,0
"WPSA.L.78.32",12203,"Richard Daly",78,1,"D",1,"Rep","HD-031",3,2,1.66666666666667,1,0.321969696969697,0.375,0,1,0,0,0,0
"WPSA.L.79.25",12203,"Richard Daly",79,1,"D",1,"Rep","HD-031",44,6,10.7272727272727,10,0.49865787144481,0.473684210526316,0,1,0,0,0,0
"WPSA.L.80.22",12203,"Richard Daly",80,1,"D",1,"Rep","HD-031",42,11,6.38095238095238,5,0.579786459779124,0.558265582655827,0,1,0,0,0,0
"WPSA.L.82.10",12203,"Richard Daly",82,1,"D",2,"Sen","SD-013",74,13,4.9054054054054,4,0.529284868803108,0.461538461538462,0,1,0,0,0,0
"WPSA.L.77.46",12204,"Olivia Diaz",77,1,"D",1,"Rep","HD-011",57,6,9.49122807017544,7,0.428291471109284,0.44,0,1,0,1,1,0
"WPSA.L.78.33",12204,"Olivia Diaz",78,1,"D",1,"Rep","HD-011",64,6,6.671875,5,0.429980359311947,0.4,0,1,0,1,0,0
"WPSA.L.79.26",12204,"Olivia Diaz",79,1,"D",1,"Rep","HD-011",60,7,9.68333333333333,7,0.558047785217329,0.509259259259259,0,1,0,1,0,0
"WPSA.L.80.23",12204,"Olivia Diaz",80,1,"D",1,"Rep","HD-011",7,1,6.71428571428571,5,0.534929857110308,0.5,0,1,0,1,0,0
"WPSA.L.77.47",12205,"Patrick Hickey",77,2,"R",1,"Rep","HD-025",125,12,8.048,5,0.49570744941025,0.5,1,0,0,0,1,0
"WPSA.L.78.34",12205,"Patrick Hickey",78,2,"R",1,"Rep","HD-025",44,8,7.97727272727273,4.5,0.582518019134303,0.555555555555556,1,0,0,0,0,0
"WPSA.L.77.48",12209,"Teresa Benitez-Thompson",77,1,"D",1,"Rep","HD-027",57,5,7.63157894736842,5,0.403092475018678,0.388888888888889,0,1,0,1,0,0
"WPSA.L.78.35",12209,"Teresa Benitez-Thompson",78,1,"D",1,"Rep","HD-027",51,8,6,5,0.417301364075748,0.368421052631579,0,1,0,1,1,0
"WPSA.L.79.27",12209,"Teresa Benitez-Thompson",79,1,"D",1,"Rep","HD-027",55,7,6.70909090909091,4,0.507715198562706,0.412698412698413,0,1,0,1,1,1
"WPSA.L.80.24",12209,"Teresa Benitez-Thompson",80,1,"D",1,"Rep","HD-027",56,11,3.96428571428571,3,0.541952153537519,0.5,0,1,0,1,1,1
"WPSA.L.81.16",12209,"Teresa Benitez-Thompson",81,1,"D",1,"Rep","HD-027",38,9,6.21052631578947,3.5,0.614174071209925,0.608333333333333,0,1,0,1,1,1
"WPSA.L.82.11",12209,"Teresa Benitez-Thompson",82,1,"D",1,"Rep","HD-027",2,1,1.5,1.5,0.555555555555556,0.555555555555556,0,1,0,1,0,0
"WPSA.L.77.49",12210,"Steven Brooks",77,1,"D",1,"Rep","HD-017",5,0,19.4,28,0.388888888888889,0.444444444444444,0,1,0,0,0,0
"WPSA.L.77.50",12211,"Irene Bustamante Adams",77,1,"D",1,"Rep","HD-042",64,8,7.28125,6,0.462096142148273,0.369395711500975,0,1,0,1,0,0
"WPSA.L.78.36",12211,"Irene Bustamante Adams",78,1,"D",1,"Rep","HD-042",62,7,7.24193548387097,7,0.531605230260308,0.5,0,1,0,1,0,0
"WPSA.L.79.28",12211,"Irene Bustamante Adams",79,1,"D",1,"Rep","HD-042",46,12,7.89130434782609,5.5,0.507405709189563,0.444444444444444,0,1,0,1,1,1
"WPSA.L.80.25",12211,"Irene Bustamante Adams",80,1,"D",1,"Rep","HD-042",2,0,9.5,9.5,0.396853146853147,0.396853146853147,0,1,0,1,0,0
"WPSA.L.77.51",12212,"Scott Hammond",77,2,"R",2,"Sen","SD-018",82,11,10.8048780487805,7,0.563905649554844,0.5,1,0,0,0,0,0
"WPSA.L.78.37",12212,"Scott Hammond",78,2,"R",2,"Sen","SD-018",47,16,6.19148936170213,2,0.636298158106669,0.6,1,0,0,0,1,1
"WPSA.L.79.29",12212,"Scott Hammond",79,2,"R",2,"Sen","SD-018",53,14,9.9433962264151,6,0.621948470334322,0.666666666666667,1,0,0,0,1,1
"WPSA.L.80.26",12212,"Scott Hammond",80,2,"R",2,"Sen","SD-018",74,20,5.31081081081081,3,0.594356703045727,0.5,1,0,0,0,1,1
"WPSA.L.81.17",12212,"Scott Hammond",81,2,"R",2,"Sen","SD-018",67,11,6.56716417910448,5,0.673699746799243,0.666666666666667,1,0,0,0,1,1
"WPSA.L.82.12",12212,"Scott Hammond",82,2,"R",2,"Sen","SD-018",54,17,5.90740740740741,3.5,0.677560473862963,0.75,1,0,0,0,0,0
"WPSA.L.77.52",12213,"Dina Neal",77,1,"D",1,"Rep","HD-007",60,10,15.75,10,0.701331133333186,0.714285714285714,0,1,0,1,0,0
"WPSA.L.78.38",12213,"Dina Neal",78,1,"D",1,"Rep","HD-007",50,9,11.4,11,0.626470493258902,0.666666666666667,0,1,0,1,0,0
"WPSA.L.79.30",12213,"Dina Neal",79,1,"D",1,"Rep","HD-007",59,10,14.2033898305085,11,0.740208661586152,0.769230769230769,0,1,0,1,0,0
"WPSA.L.80.27",12213,"Dina Neal",80,1,"D",1,"Rep","HD-007",49,10,9.06122448979592,6,0.722143257032309,0.777777777777778,0,1,0,1,0,0
"WPSA.L.81.18",12213,"Dina Neal",81,1,"D",2,"Sen","SD-004",36,13,7.13888888888889,5,0.654415954415954,0.67948717948718,0,1,0,1,0,0
"WPSA.L.82.13",12213,"Dina Neal",82,1,"D",2,"Sen","SD-004",85,21,6.90588235294118,6,0.668379853572811,0.666666666666667,0,1,0,1,0,0
"WPSA.L.77.53",12249,"Greg Brower",77,2,"R",2,"Sen","SD-015",64,15,8.375,3.5,0.502173022904224,0.480769230769231,1,0,0,0,0,0
"WPSA.L.78.39",12249,"Greg Brower",78,2,"R",2,"Sen","SD-015",33,12,6.39393939393939,3,0.548430357521267,0.428571428571429,1,0,0,0,0,0
"WPSA.L.77.54",12251,"Michael Roberson",77,2,"R",2,"Sen","SD-020",88,30,9.88636363636364,3,0.576587913802999,0.552777777777778,1,0,0,0,1,0
"WPSA.L.78.40",12251,"Michael Roberson",78,2,"R",2,"Sen","SD-020",69,42,4.97101449275362,1,0.577833523154108,0.5,1,0,0,0,1,1
"WPSA.L.79.31",12251,"Michael Roberson",79,2,"R",2,"Sen","SD-020",62,22,8.01612903225806,2,0.575734105738334,0.5,1,0,0,0,1,1
"WPSA.L.77.55",12728,"Cresent Hardy",77,2,"R",1,"Rep","HD-019",115,6,11.0434782608696,6,0.571728169761068,0.583333333333333,1,0,0,0,1,0
"WPSA.L.78.41",12728,"Cresent Hardy",78,2,"R",1,"Rep","HD-019",16,0,21.6875,15.5,0.882618574812868,0.904444444444444,1,0,0,0,0,0
"WPSA.L.79.32",12728,"Cresent Hardy",79,2,"R",1,"Rep","HD-019",15,0,21.2,14,0.922052826400652,0.91304347826087,1,0,0,0,0,0
"WPSA.L.77.56",15152,"Michele Fiore",77,2,"R",1,"Rep","HD-004",113,6,8.52212389380531,6,0.472026786599732,0.444444444444444,1,0,0,1,0,0
"WPSA.L.78.42",15152,"Michele Fiore",78,2,"R",1,"Rep","HD-004",74,10,5.18918918918919,3,0.400867313695055,0.369318181818182,1,0,0,1,0,0
"WPSA.L.79.33",15152,"Michele Fiore",79,2,"R",1,"Rep","HD-004",3,0,3.66666666666667,4,0.528490028490028,0.307692307692308,1,0,0,1,0,0
"WPSA.L.77.57",15153,"James Oscarson",77,2,"R",1,"Rep","HD-036",91,5,15.0989010989011,12,0.71645091977622,0.75,1,0,0,0,0,0
"WPSA.L.78.43",15153,"James Oscarson",78,2,"R",1,"Rep","HD-036",57,9,10.859649122807,8,0.663318122356725,0.666666666666667,1,0,0,0,0,0
"WPSA.L.79.34",15153,"James Oscarson",79,2,"R",1,"Rep","HD-036",43,8,13,7,0.680443027649802,0.75,1,0,0,0,1,0
"WPSA.L.77.58",15869,"Lesley Cohen",77,1,"D",1,"Rep","HD-029",42,3,10,8,0.406445092976661,0.37797619047619,0,1,0,1,0,0
"WPSA.L.79.35",15869,"Lesley Cohen",79,1,"D",1,"Rep","HD-029",58,9,9.08620689655172,8,0.50962211373214,0.461538461538462,0,1,0,1,0,0
"WPSA.L.80.28",15869,"Lesley Cohen",80,1,"D",1,"Rep","HD-029",60,9,6.06666666666667,5,0.534841144538673,0.5,0,1,0,1,0,0
"WPSA.L.81.19",15869,"Lesley Cohen",81,1,"D",1,"Rep","HD-029",31,7,8.32258064516129,6,0.482933057037664,0.392857142857143,0,1,0,1,0,0
"WPSA.L.82.14",15869,"Lesley Cohen",82,1,"D",1,"Rep","HD-029",34,8,7.76470588235294,5.5,0.508738614692966,0.481707317073171,0,1,0,1,0,0
"WPSA.L.77.59",15870,"Wesley Duncan",77,2,"R",1,"Rep","HD-037",71,5,9.63380281690141,7,0.435360640858841,0.384615384615385,1,0,0,0,0,0
"WPSA.L.77.60",15871,"Andy Eisen",77,1,"D",1,"Rep","HD-021",62,6,9.67741935483871,6.5,0.478469363308749,0.5,0,1,0,0,0,0
"WPSA.L.78.44",15871,"Andy Eisen",78,1,"D",1,"Rep","HD-021",2,0,3,3,0.410714285714286,0.410714285714286,0,1,0,0,0,0
"WPSA.L.77.61",15872,"James Healey",77,1,"D",1,"Rep","HD-035",80,4,12.3375,10,0.563741612035888,0.594117647058824,0,1,0,0,0,0
"WPSA.L.78.45",15872,"James Healey",78,1,"D",1,"Rep","HD-035",3,0,8.33333333333333,7,0.721049783549784,0.714285714285714,0,1,0,0,0,0
"WPSA.L.77.62",15873,"Andrew Martin",77,1,"D",1,"Rep","HD-009",62,4,16.1290322580645,12,0.655414361430484,0.675438596491228,0,1,0,0,0,0
"WPSA.L.78.46",15873,"Andrew Martin",78,1,"D",1,"Rep","HD-009",1,0,12,12,0.75,0.75,0,1,0,0,0,0
"WPSA.L.77.63",15874,"Paul Anderson",77,2,"R",1,"Rep","HD-013",84,5,6.47619047619048,4,0.343115388370695,0.297058823529412,1,0,0,0,0,0
"WPSA.L.78.47",15874,"Paul Anderson",78,2,"R",1,"Rep","HD-013",30,5,4.83333333333333,3.5,0.427822151358238,0.262013729977117,1,0,0,0,1,1
"WPSA.L.79.36",15874,"Paul Anderson",79,2,"R",1,"Rep","HD-013",24,3,8.125,4.5,0.501115870341414,0.380952380952381,1,0,0,0,1,1
"WPSA.L.77.64",15875,"Michael Sprinkle",77,1,"D",1,"Rep","HD-030",52,4,18.4230769230769,12,0.724206346299316,0.823529411764706,0,1,0,0,0,0
"WPSA.L.78.48",15875,"Michael Sprinkle",78,1,"D",1,"Rep","HD-030",58,7,14,13,0.779887582943205,0.866071428571429,0,1,0,0,0,0
"WPSA.L.79.37",15875,"Michael Sprinkle",79,1,"D",1,"Rep","HD-030",53,11,14.6037735849057,7,0.729808506535685,0.869565217391304,0,1,0,0,1,1
"WPSA.L.80.29",15875,"Michael Sprinkle",80,1,"D",1,"Rep","HD-030",12,4,7.75,4.5,0.652700077700078,0.758333333333333,0,1,0,0,0,0
"WPSA.L.77.65",15876,"Heidi Swank",77,1,"D",1,"Rep","HD-016",66,1,19.8939393939394,15.5,0.868621464187126,0.925824175824176,0,1,0,1,0,0
"WPSA.L.78.49",15876,"Heidi Swank",78,1,"D",1,"Rep","HD-016",58,8,13.6206896551724,11.5,0.759580082425822,0.875,0,1,0,1,0,0
"WPSA.L.79.38",15876,"Heidi Swank",79,1,"D",1,"Rep","HD-016",60,14,15.25,11,0.786242946591182,0.888888888888889,0,1,0,1,1,0
"WPSA.L.80.30",15876,"Heidi Swank",80,1,"D",1,"Rep","HD-016",53,9,10.9433962264151,9,0.747307350189311,0.857142857142857,0,1,0,1,1,0
"WPSA.L.77.66",15877,"Jim Wheeler",77,2,"R",1,"Rep","HD-039",112,5,15.0446428571429,11,0.776567173218787,0.88562091503268,1,0,0,0,0,0
"WPSA.L.78.50",15877,"Jim Wheeler",78,2,"R",1,"Rep","HD-039",85,10,11.2941176470588,8,0.699453469145393,0.833333333333333,1,0,0,0,1,1
"WPSA.L.79.39",15877,"Jim Wheeler",79,2,"R",1,"Rep","HD-039",44,10,15.0681818181818,9,0.724037848195748,0.853535353535354,1,0,0,0,1,0
"WPSA.L.80.31",15877,"Jim Wheeler",80,2,"R",1,"Rep","HD-039",52,15,6.65384615384615,3,0.652273126211916,0.650406504065041,1,0,0,0,1,1
"WPSA.L.81.20",15877,"Jim Wheeler",81,2,"R",1,"Rep","HD-039",58,9,9.06896551724138,3,0.548611279424733,0.5,1,0,0,0,0,0
"WPSA.L.77.67",15878,"Aaron Ford",77,1,"D",2,"Sen","SD-011",65,7,9.70769230769231,5,0.45719823085711,0.363636363636364,0,1,0,0,1,0
"WPSA.L.78.51",15878,"Aaron Ford",78,1,"D",2,"Sen","SD-011",120,15,6.33333333333333,3,0.489187654585271,0.464102564102564,0,1,0,0,1,1
"WPSA.L.79.40",15878,"Aaron Ford",79,1,"D",2,"Sen","SD-011",124,29,6.99193548387097,4,0.534640033091523,0.5,0,1,0,0,1,1
"WPSA.L.80.32",15878,"Aaron Ford",80,1,"D",2,"Sen","SD-011",4,0,7.75,6.5,0.482613585245164,0.488304093567251,0,1,0,0,0,0
"WPSA.L.77.68",15879,"Mark Hutchison",77,2,"R",2,"Sen","SD-006",79,12,9.65822784810127,5,0.482081878449256,0.476190476190476,1,0,0,0,0,0
"WPSA.L.77.69",15880,"Justin Jones",77,1,"D",2,"Sen","SD-009",86,13,10.5813953488372,8,0.506127006749564,0.5,0,1,0,0,1,0
"WPSA.L.78.52",15880,"Justin Jones",78,1,"D",2,"Sen","SD-009",13,1,10.0769230769231,6,0.663668809822656,0.682539682539683,0,1,0,0,0,0
"WPSA.L.79.41",15880,"Justin Jones",79,1,"D",2,"Sen","SD-009",1,0,6,6,0.461538461538462,0.461538461538462,0,1,0,0,0,0
"WPSA.L.77.70",15881,"Patricia Spearman",77,1,"D",2,"Sen","SD-001",90,8,12.7666666666667,9,0.590042399520449,0.582579185520362,0,1,0,1,0,0
"WPSA.L.78.53",15881,"Patricia Spearman",78,1,"D",2,"Sen","SD-001",98,18,8.53061224489796,4,0.525653408762618,0.5,0,1,0,1,0,0
"WPSA.L.79.42",15881,"Patricia Spearman",79,1,"D",2,"Sen","SD-001",112,22,9.33928571428571,5,0.599573174446491,0.637218045112782,0,1,0,1,1,1
"WPSA.L.80.33",15881,"Patricia Spearman",80,1,"D",2,"Sen","SD-001",114,29,5.14035087719298,3,0.54773642069644,0.5,0,1,0,1,1,1
"WPSA.L.81.21",15881,"Patricia Spearman",81,1,"D",2,"Sen","SD-001",58,20,6.74137931034483,3,0.787673054914434,1,0,1,0,1,1,0
"WPSA.L.82.15",15881,"Patricia Spearman",82,1,"D",2,"Sen","SD-001",95,19,5.68421052631579,3,0.464509789559582,0.333333333333333,0,1,0,1,1,1
"WPSA.L.77.71",16028,"Tyrone Thompson",77,1,"D",1,"Rep","HD-017",5,0,44.2,40,0.828571428571429,0.952380952380952,0,1,0,0,0,0
"WPSA.L.78.54",16028,"Tyrone Thompson",78,1,"D",1,"Rep","HD-017",67,9,12.9850746268657,10,0.705739539860758,0.857142857142857,0,1,0,0,0,0
"WPSA.L.79.43",16028,"Tyrone Thompson",79,1,"D",1,"Rep","HD-017",64,10,16.46875,12.5,0.73794773337903,0.871794871794872,0,1,0,0,1,0
"WPSA.L.80.34",16028,"Tyrone Thompson",80,1,"D",1,"Rep","HD-017",47,8,8.61702127659574,4,0.679642206741871,0.8,0,1,0,0,0,0
"WPSA.L.78.55",16404,"Victoria Dooling",78,2,"R",1,"Rep","HD-041",53,5,6.81132075471698,6,0.431782957572496,0.416666666666667,1,0,0,1,0,0
"WPSA.L.79.44",16404,"Victoria Dooling",79,2,"R",1,"Rep","HD-041",2,1,4,4,0.352564102564103,0.352564102564103,1,0,0,1,0,0
"WPSA.L.78.56",17444,"Robin Titus",78,2,"R",1,"Rep","HD-038",49,4,13.8775510204082,11,0.747242299284356,0.8125,1,0,0,1,0,0
"WPSA.L.79.45",17444,"Robin Titus",79,2,"R",1,"Rep","HD-038",38,9,15.0526315789474,8.5,0.739363580026859,0.83974358974359,1,0,0,1,0,0
"WPSA.L.80.35",17444,"Robin Titus",80,2,"R",1,"Rep","HD-038",50,7,6.66,3,0.653188750274116,0.666666666666667,1,0,0,1,1,0
"WPSA.L.81.22",17444,"Robin Titus",81,2,"R",1,"Rep","HD-038",66,14,6.53030303030303,2,0.500653534166896,0.333333333333333,1,0,0,1,1,1
"WPSA.L.82.16",17444,"Robin Titus",82,2,"R",2,"Sen","SD-017",64,13,6.328125,3,0.544954747943029,0.472222222222222,1,0,0,1,1,1
"WPSA.L.78.57",17445,"Becky Harris",78,2,"R",2,"Sen","SD-009",54,12,9.01851851851852,4,0.547752826660896,0.523809523809524,1,0,0,1,0,0
"WPSA.L.79.46",17445,"Becky Harris",79,2,"R",2,"Sen","SD-009",71,20,8.95774647887324,6,0.69264553647546,0.777777777777778,1,0,0,1,1,0
"WPSA.L.78.58",17446,"Jill Dickman",78,2,"R",1,"Rep","HD-031",84,6,5.71428571428571,5,0.435446763461508,0.405882352941176,1,0,0,1,1,0
"WPSA.L.79.47",17446,"Jill Dickman",79,2,"R",1,"Rep","HD-031",2,1,4.5,4.5,0.335470085470085,0.335470085470085,1,0,0,1,0,0
"WPSA.L.81.23",17446,"Jill Dickman",81,2,"R",1,"Rep","HD-031",58,6,5.58620689655172,3,0.405069988925719,0.369318181818182,1,0,0,1,0,0
"WPSA.L.82.17",17446,"Jill Dickman",82,2,"R",1,"Rep","HD-031",58,9,5.53448275862069,4,0.479772050813339,0.5,1,0,0,1,1,0
"WPSA.L.78.59",17447,"Victoria Seaman",78,2,"R",1,"Rep","HD-034",62,6,10.3709677419355,7,0.58937833365586,0.666666666666667,1,0,0,1,1,0
"WPSA.L.79.48",17447,"Victoria Seaman",79,2,"R",1,"Rep","HD-034",3,0,6.66666666666667,5,0.517094017094017,0.5,1,0,0,1,0,0
"WPSA.L.78.60",17511,"Nelson Araujo",78,1,"D",1,"Rep","HD-003",69,6,6.76811594202899,6,0.443616489033132,0.375,0,1,0,0,0,0
"WPSA.L.79.49",17511,"Nelson Araujo",79,1,"D",1,"Rep","HD-003",69,11,6.56521739130435,5,0.429323806192261,0.333333333333333,0,1,0,0,1,0
"WPSA.L.80.36",17511,"Nelson Araujo",80,1,"D",1,"Rep","HD-003",6,1,4.5,4,0.300114164587849,0.303030303030303,0,1,0,0,0,0
"WPSA.L.78.61",17513,"Amber Joiner",78,1,"D",1,"Rep","HD-024",67,1,10.910447761194,10,0.674765706821822,0.6875,0,1,0,1,0,0
"WPSA.L.79.50",17513,"Amber Joiner",79,1,"D",1,"Rep","HD-024",69,11,11.9855072463768,9,0.601984343329873,0.653846153846154,0,1,0,1,0,0
"WPSA.L.80.37",17513,"Amber Joiner",80,1,"D",1,"Rep","HD-024",6,2,7.5,7,0.646586746586747,0.755494505494505,0,1,0,1,0,0
"WPSA.L.78.62",17514,"Brent Jones",78,2,"R",1,"Rep","HD-035",57,6,6.8421052631579,4,0.44683030491158,0.441860465116279,1,0,0,0,0,0
"WPSA.L.79.51",17514,"Brent Jones",79,2,"R",1,"Rep","HD-035",1,0,4,4,0.222222222222222,0.222222222222222,1,0,0,0,0,0
"WPSA.L.78.63",17515,"Christopher Edwards",78,2,"R",1,"Rep","HD-019",25,6,7.72,5,0.409390627531248,0.333333333333333,1,0,0,0,0,0
"WPSA.L.79.52",17515,"Christopher Edwards",79,2,"R",1,"Rep","HD-019",39,10,9.15384615384615,4,0.619275289927464,0.6,1,0,0,0,0,0
"WPSA.L.80.38",17515,"Christopher Edwards",80,2,"R",1,"Rep","HD-019",40,13,5.575,4,0.614991147064318,0.571428571428571,1,0,0,0,1,0
"WPSA.L.78.64",17516,"David Gardner",78,2,"R",1,"Rep","HD-009",57,6,7.94736842105263,7,0.50057588638642,0.5,1,0,0,0,0,0
"WPSA.L.79.53",17516,"David Gardner",79,2,"R",1,"Rep","HD-009",2,0,5.5,5.5,0.416666666666667,0.416666666666667,1,0,0,0,0,0
"WPSA.L.78.65",17517,"Derek Armstrong",78,2,"R",1,"Rep","HD-021",31,3,5.03225806451613,5,0.311896735099717,0.25,1,0,0,0,0,0
"WPSA.L.79.54",17517,"Derek Armstrong",79,2,"R",1,"Rep","HD-021",1,0,3,3,0.166666666666667,0.166666666666667,1,0,0,0,0,0
"WPSA.L.78.66",17518,"Edgar Flores",78,1,"D",1,"Rep","HD-028",56,5,9.83928571428571,9.5,0.508592071822567,0.527863777089783,0,1,0,0,0,0
"WPSA.L.79.55",17518,"Edgar Flores",79,1,"D",1,"Rep","HD-028",45,9,11.6,10,0.58904793064281,0.571428571428571,0,1,0,0,0,0
"WPSA.L.80.39",17518,"Edgar Flores",80,1,"D",1,"Rep","HD-028",63,14,5.84126984126984,4,0.5362637786999,0.5,0,1,0,0,0,0
"WPSA.L.81.24",17518,"Edgar Flores",81,1,"D",1,"Rep","HD-028",59,10,6.77966101694915,5,0.446617312103742,0.454545454545455,0,1,0,0,1,1
"WPSA.L.82.18",17518,"Edgar Flores",82,1,"D",2,"Sen","SD-002",83,14,5.95180722891566,5,0.51849578490472,0.5,0,1,0,0,0,0
"WPSA.L.78.67",17519,"Erven Nelson",78,2,"R",1,"Rep","HD-005",29,5,12.6896551724138,9,0.649043573419916,0.657894736842105,1,0,0,0,0,0
"WPSA.L.78.68",17520,"Glenn Trowbridge",78,2,"R",1,"Rep","HD-037",39,1,18.2307692307692,15,0.815698742050959,0.888888888888889,1,0,0,0,0,0
"WPSA.L.79.56",17520,"Glenn Trowbridge",79,2,"R",1,"Rep","HD-037",2,0,11,11,0.944444444444444,0.944444444444444,1,0,0,0,0,0
"WPSA.L.78.69",17521,"John Moore",78,2,"R",1,"Rep","HD-008",59,6,8.61016949152542,6,0.502613535533895,0.515151515151515,1,0,0,0,0,0
"WPSA.L.79.57",17521,"John Moore",79,2,"R",1,"Rep","HD-008",1,0,10,10,0.769230769230769,0.769230769230769,1,0,0,0,0,0
"WPSA.L.78.70",17522,"Philip O'Neill",78,2,"R",1,"Rep","HD-008",67,5,9.91044776119403,7,0.622729272593299,0.666666666666667,1,0,0,0,0,0
"WPSA.L.79.58",17522,"Philip O'Neill",79,2,"R",1,"Rep","HD-008",2,0,6.5,6.5,0.393162393162393,0.393162393162393,1,0,0,0,0,0
"WPSA.L.81.25",17522,"Philip O'Neill",81,2,"R",1,"Rep","HD-040",60,7,9.38333333333333,5,0.59528485918032,0.738636363636364,1,0,0,0,0,0
"WPSA.L.82.19",17522,"Philip O'Neill",82,2,"R",1,"Rep","HD-040",53,17,6.54716981132075,3,0.681643487539714,0.873015873015873,1,0,0,0,1,1
"WPSA.L.78.71",17523,"Shelly Shelton",78,2,"R",1,"Rep","HD-010",58,6,10.2586206896552,8,0.677624441552145,0.75,1,0,0,1,0,0
"WPSA.L.79.59",17523,"Shelly Shelton",79,2,"R",1,"Rep","HD-010",3,0,9.33333333333333,11,0.745014245014245,0.722222222222222,1,0,0,1,0,0
"WPSA.L.78.72",17524,"Stephen Silberkraus",78,2,"R",1,"Rep","HD-029",54,6,11.1111111111111,6,0.629678652188285,0.660919540229885,1,0,0,0,0,0
"WPSA.L.79.60",17524,"Stephen Silberkraus",79,2,"R",1,"Rep","HD-029",1,0,14,14,0.777777777777778,0.777777777777778,1,0,0,0,0,0
"WPSA.L.78.73",17525,"Patricia Farley",78,3,"I",2,"Sen","SD-008",47,12,7.4468085106383,4,0.506339554764039,0.5,0,0,1,1,0,0
"WPSA.L.79.61",17525,"Patricia Farley",79,3,"I",2,"Sen","SD-008",83,20,7.46987951807229,6,0.569160902402321,0.538461538461538,0,0,1,1,0,0
"WPSA.L.78.74",17526,"Mark Lipparelli",78,2,"R",2,"Sen","SD-006",32,5,11.125,5.5,0.612331055335074,0.666666666666667,1,0,0,0,0,0
"WPSA.L.79.62",17976,"Julia Ratti",79,1,"D",2,"Sen","SD-013",96,11,9.78125,7.5,0.623406299443971,0.714285714285714,0,1,0,1,0,0
"WPSA.L.80.40",17976,"Julia Ratti",80,1,"D",2,"Sen","SD-013",81,17,6.39506172839506,4,0.620317001911401,0.666666666666667,0,1,0,1,1,0
"WPSA.L.81.26",17976,"Julia Ratti",81,1,"D",2,"Sen","SD-013",38,10,8.78947368421053,4,0.6988227415859,0.809090909090909,0,1,0,1,1,0
"WPSA.L.82.20",17976,"Julia Ratti",82,1,"D",2,"Sen","SD-013",1,0,18,18,1,1,0,1,0,1,0,0
"WPSA.L.79.63",19219,"Keith Pickard",79,2,"R",1,"Rep","SD-020",32,6,17.84375,11.5,0.688984681155198,0.822916666666667,1,0,0,0,0,0
"WPSA.L.80.41",19219,"Keith Pickard",80,2,"R",2,"Sen","SD-020",68,13,7.1764705882353,4,0.648269732021525,0.69047619047619,1,0,0,0,0,0
"WPSA.L.81.27",19219,"Keith Pickard",81,2,"R",2,"Sen","SD-020",54,20,6.74074074074074,2.5,0.50693606226428,0.361111111111111,1,0,0,0,0,0
"WPSA.L.79.64",19220,"Nicole Cannizzaro",79,1,"D",2,"Sen","SD-006",92,11,7.80434782608696,5,0.467187290876126,0.436507936507937,0,1,0,1,0,0
"WPSA.L.80.42",19220,"Nicole Cannizzaro",80,1,"D",2,"Sen","SD-006",83,30,4.20481927710843,3,0.528938144005731,0.5,0,1,0,1,1,1
"WPSA.L.81.28",19220,"Nicole Cannizzaro",81,1,"D",2,"Sen","SD-006",43,26,3.48837209302326,1,0.448865626697364,0.35,0,1,0,1,1,1
"WPSA.L.82.21",19220,"Nicole Cannizzaro",82,1,"D",2,"Sen","SD-006",61,29,2.88524590163934,2,0.392077329899438,0.333333333333333,0,1,0,1,1,1
"WPSA.L.79.65",19221,"Shannon Bilbray-Axelrod",79,1,"D",1,"Rep","HD-034",57,6,7.42105263157895,6,0.437080688967386,0.368421052631579,0,1,0,1,0,0
"WPSA.L.80.43",19221,"Shannon Bilbray-Axelrod",80,1,"D",1,"Rep","HD-034",70,10,4.65714285714286,3,0.411312947576701,0.366666666666667,0,1,0,1,0,0
"WPSA.L.81.29",19221,"Shannon Bilbray-Axelrod",81,1,"D",1,"Rep","HD-034",54,8,6.61111111111111,5.5,0.458033152769836,0.41468253968254,0,1,0,1,0,0
"WPSA.L.82.22",19221,"Shannon Bilbray-Axelrod",82,1,"D",1,"Rep","HD-034",47,6,7.4468085106383,6,0.485978085984313,0.4,0,1,0,1,0,0
"WPSA.L.79.66",19222,"Chris Brooks",79,1,"D",1,"Rep","SD-003",60,6,7.86666666666667,6,0.441389988335417,0.408333333333333,0,1,0,0,0,0
"WPSA.L.80.44",19222,"Chris Brooks",80,1,"D",2,"Sen","SD-003",96,19,4.98958333333333,4,0.496908381464403,0.5,0,1,0,0,0,0
"WPSA.L.81.30",19222,"Chris Brooks",81,1,"D",2,"Sen","SD-003",27,6,6.44444444444444,3,0.437324387168093,0.4,0,1,0,0,1,1
"WPSA.L.79.67",19223,"Ozzie Fumo",79,1,"D",1,"Rep","HD-021",66,6,11.2121212121212,8.5,0.572105032946257,0.578947368421053,0,1,0,0,0,0
"WPSA.L.80.45",19223,"Ozzie Fumo",80,1,"D",1,"Rep","HD-021",83,10,5.95180722891566,4,0.605219870134729,0.615384615384615,0,1,0,0,0,0
"WPSA.L.79.68",19224,"Sandra Jauregui",79,1,"D",1,"Rep","HD-041",60,8,12.5333333333333,9.5,0.599212927294313,0.615384615384615,0,1,0,1,0,0
"WPSA.L.80.46",19224,"Sandra Jauregui",80,1,"D",1,"Rep","HD-041",47,8,8.38297872340426,6,0.704416259949472,0.666666666666667,0,1,0,1,0,0
"WPSA.L.81.31",19224,"Sandra Jauregui",81,1,"D",1,"Rep","HD-041",23,8,12.1304347826087,7,0.662303924795047,0.612903225806452,0,1,0,1,1,0
"WPSA.L.82.23",19224,"Sandra Jauregui",82,1,"D",1,"Rep","HD-041",31,12,8.29032258064516,2,0.720205878372251,0.793103448275862,0,1,0,1,1,1
"WPSA.L.79.69",19225,"Al Kramer",79,2,"R",1,"Rep","HD-040",37,6,12.3783783783784,6,0.649378131315472,0.682539682539683,1,0,0,0,0,0
"WPSA.L.80.47",19225,"Al Kramer",80,2,"R",1,"Rep","HD-040",60,18,5.03333333333333,3,0.544450867560624,0.5,1,0,0,0,0,0
"WPSA.L.79.70",19226,"Lisa Krasner",79,2,"R",1,"Rep","HD-026",28,6,15,9.5,0.618130889479538,0.670634920634921,1,0,0,1,0,0
"WPSA.L.80.48",19226,"Lisa Krasner",80,2,"R",1,"Rep","HD-026",50,12,6.72,4,0.641916967179162,0.666666666666667,1,0,0,1,1,1
"WPSA.L.81.32",19226,"Lisa Krasner",81,2,"R",1,"Rep","HD-026",59,8,9.50847457627119,8,0.536818535968152,0.583333333333333,1,0,0,1,1,0
"WPSA.L.82.24",19226,"Lisa Krasner",82,2,"R",2,"Sen","SD-016",85,9,6.09411764705882,5,0.538240676534794,0.571428571428571,1,0,0,1,1,1
"WPSA.L.79.71",19227,"Jim Marchant",79,2,"R",1,"Rep","HD-037",26,5,16.0384615384615,10,0.702758533736795,0.714285714285714,1,0,0,0,0,0
"WPSA.L.79.72",19228,"William McCurdy",79,1,"D",1,"Rep","HD-006",56,7,12.7142857142857,8,0.582869975377739,0.62828947368421,0,1,0,0,0,0
"WPSA.L.80.49",19228,"William McCurdy",80,1,"D",1,"Rep","HD-006",62,14,7.40322580645161,5,0.628177811796699,0.724747474747475,0,1,0,0,1,0
"WPSA.L.79.73",19229,"Brittney Miller",79,1,"D",1,"Rep","HD-005",52,5,15.2115384615385,13,0.635056456175807,0.685855263157895,0,1,0,1,0,0
"WPSA.L.80.50",19229,"Brittney Miller",80,1,"D",1,"Rep","HD-005",46,10,10.4565217391304,9.5,0.652629528710206,0.754273504273504,0,1,0,1,0,0
"WPSA.L.81.33",19229,"Brittney Miller",81,1,"D",1,"Rep","HD-005",44,7,10.7045454545455,7.5,0.618570046115778,0.67156862745098,0,1,0,1,0,0
"WPSA.L.82.25",19229,"Brittney Miller",82,1,"D",1,"Rep","HD-005",34,8,8.79411764705882,5,0.52021500039762,0.571428571428571,0,1,0,1,0,0
"WPSA.L.79.74",19230,"Daniele Monroe-Moreno",79,1,"D",1,"Rep","HD-001",64,7,13.96875,10,0.605931802607225,0.688259109311741,0,1,0,1,0,0
"WPSA.L.80.51",19230,"Daniele Monroe-Moreno",80,1,"D",1,"Rep","HD-001",65,13,7.93846153846154,6,0.64129580857684,0.769230769230769,0,1,0,1,1,0
"WPSA.L.81.34",19230,"Daniele Monroe-Moreno",81,1,"D",1,"Rep","HD-001",40,5,10.6,5,0.543931173684314,0.651515151515151,0,1,0,1,1,0
"WPSA.L.82.26",19230,"Daniele Monroe-Moreno",82,1,"D",1,"Rep","HD-001",37,9,10.8108108108108,7,0.629264853566656,0.62962962962963,0,1,0,1,1,1
"WPSA.L.79.75",19231,"Jill Tolles",79,2,"R",1,"Rep","HD-025",38,6,18.9736842105263,12.5,0.740322300248771,0.89010989010989,1,0,0,1,0,0
"WPSA.L.80.52",19231,"Jill Tolles",80,2,"R",1,"Rep","HD-025",53,13,8.45283018867925,5,0.705368187317106,0.8,1,0,0,1,1,0
"WPSA.L.81.35",19231,"Jill Tolles",81,2,"R",1,"Rep","HD-025",50,6,13.04,9,0.721753607361664,0.883838383838384,1,0,0,1,1,0
"WPSA.L.79.76",19232,"Justin Watkins",79,1,"D",1,"Rep","HD-035",40,7,17.35,5.5,0.588942840163008,0.619047619047619,0,1,0,0,0,0
"WPSA.L.80.53",19232,"Justin Watkins",80,1,"D",1,"Rep","HD-035",2,0,15,15,0.758547008547009,0.758547008547009,0,1,0,0,0,0
"WPSA.L.79.77",19233,"Steve Yeager",79,1,"D",1,"Rep","HD-009",77,11,14.025974025974,7,0.700716813787458,0.777777777777778,0,1,0,0,0,0
"WPSA.L.80.54",19233,"Steve Yeager",80,1,"D",1,"Rep","HD-009",61,11,8.86885245901639,5,0.733024778474493,0.923076923076923,0,1,0,0,1,1
"WPSA.L.81.36",19233,"Steve Yeager",81,1,"D",1,"Rep","HD-009",40,11,12.475,3,0.758123673711909,1,0,1,0,0,1,1
"WPSA.L.82.27",19233,"Steve Yeager",82,1,"D",1,"Rep","HD-009",45,17,7.82222222222222,2,0.651802755136088,0.75,0,1,0,0,1,1
"WPSA.L.79.78",19234,"Yvanna Cancela",79,1,"D",2,"Sen","SD-010",119,10,7.15966386554622,5,0.467087675972113,0.411764705882353,0,1,0,1,0,0
"WPSA.L.80.55",19234,"Yvanna Cancela",80,1,"D",2,"Sen","SD-010",96,18,5.79166666666667,4,0.576984599707542,0.563492063492063,0,1,0,1,1,1
"WPSA.L.81.37",19234,"Yvanna Cancela",81,1,"D",2,"Sen","SD-010",1,0,7,7,0.583333333333333,0.583333333333333,0,1,0,1,0,0
"WPSA.L.80.56",21171,"Dallas Harris",80,1,"D",2,"Sen","SD-011",1,0,NA,NA,NA,NA,0,1,0,1,0,0
"WPSA.L.81.38",21171,"Dallas Harris",81,1,"D",2,"Sen","SD-011",64,23,6.828125,3,0.639126058719449,0.633333333333333,0,1,0,1,0,0
"WPSA.L.82.28",21171,"Dallas Harris",82,1,"D",2,"Sen","SD-011",95,18,6,5,0.499383225959562,0.523809523809524,0,1,0,1,1,0
"WPSA.L.80.57",21172,"Melanie Scheible",80,1,"D",2,"Sen","SD-009",1,0,NA,NA,NA,NA,0,1,0,1,0,0
"WPSA.L.81.39",21172,"Melanie Scheible",81,1,"D",2,"Sen","SD-009",44,11,9.06818181818182,4.5,0.694698657699995,0.816666666666667,0,1,0,1,0,0
"WPSA.L.82.29",21172,"Melanie Scheible",82,1,"D",2,"Sen","SD-009",83,19,8.28915662650602,7,0.689425162359098,0.857142857142857,0,1,0,1,1,1
"WPSA.L.80.58",21173,"Alexander Assefa",80,1,"D",1,"Rep","HD-042",1,0,NA,NA,NA,NA,0,1,0,0,0,0
"WPSA.L.80.59",21174,"Shea Backus",80,1,"D",1,"Rep","HD-037",1,0,NA,NA,NA,NA,0,1,0,1,0,0
"WPSA.L.82.30",21174,"Shea Backus",82,1,"D",1,"Rep","HD-037",25,6,7.32,6,0.534555917452295,0.5,0,1,0,1,0,0
"WPSA.L.80.60",21175,"Bea Duran",80,1,"D",1,"Rep","HD-011",1,0,NA,NA,NA,NA,0,1,0,1,0,0
"WPSA.L.81.40",21175,"Bea Duran",81,1,"D",1,"Rep","HD-011",50,7,8.26,7,0.473482619865262,0.459415584415584,0,1,0,1,0,0
"WPSA.L.82.31",21175,"Bea Duran",82,1,"D",1,"Rep","HD-011",40,7,9.175,7,0.517831423174703,0.530197444831591,0,1,0,1,0,0
"WPSA.L.80.61",21176,"Michelle Gorelow",80,1,"D",1,"Rep","HD-035",1,0,NA,NA,NA,NA,0,1,0,1,0,0
"WPSA.L.81.41",21176,"Michelle Gorelow",81,1,"D",1,"Rep","HD-035",46,8,9.73913043478261,7,0.538665446560741,0.537433155080214,0,1,0,1,0,0
"WPSA.L.82.32",21176,"Michelle Gorelow",82,1,"D",1,"Rep","HD-035",47,10,8.19148936170213,7,0.528220262000964,0.473684210526316,0,1,0,1,0,0
"WPSA.L.80.62",21177,"Gregory Hafen",80,2,"R",1,"Rep","HD-036",1,0,NA,NA,NA,NA,1,0,0,0,0,0
"WPSA.L.81.42",21177,"Gregory Hafen",81,2,"R",1,"Rep","HD-036",49,10,7.42857142857143,5,0.548167048023512,0.5,1,0,0,0,1,0
"WPSA.L.82.33",21177,"Gregory Hafen",82,2,"R",1,"Rep","HD-036",39,10,7.35897435897436,5,0.650618481084068,0.619047619047619,1,0,0,0,0,0
"WPSA.L.80.63",21178,"Alexis Hansen",80,2,"R",1,"Rep","HD-032",1,0,NA,NA,NA,NA,1,0,0,1,0,0
"WPSA.L.81.43",21178,"Alexis Hansen",81,2,"R",1,"Rep","HD-032",44,9,9.06818181818182,7.5,0.544093260052485,0.5375,1,0,0,1,0,0
"WPSA.L.82.34",21178,"Alexis Hansen",82,2,"R",1,"Rep","HD-032",40,5,7.75,6,0.650173690223032,0.654761904761905,1,0,0,1,0,0
"WPSA.L.80.64",21179,"Melissa Hardy",80,2,"R",1,"Rep","HD-022",1,0,NA,NA,NA,NA,1,0,0,1,0,0
"WPSA.L.81.44",21179,"Melissa Hardy",81,2,"R",1,"Rep","HD-022",52,8,8.34615384615385,6.5,0.567796358053711,0.594117647058824,1,0,0,1,0,0
"WPSA.L.82.35",21179,"Melissa Hardy",82,2,"R",1,"Rep","HD-022",31,9,8.74193548387097,7,0.678356189154289,0.650793650793651,1,0,0,1,0,0
"WPSA.L.80.65",21180,"Glen Leavitt",80,2,"R",1,"Rep","HD-023",1,0,NA,NA,NA,NA,1,0,0,0,0,0
"WPSA.L.81.45",21180,"Glen Leavitt",81,2,"R",1,"Rep","HD-023",56,10,9.03571428571429,7.5,0.60035491729123,0.656862745098039,1,0,0,0,1,1
"WPSA.L.80.66",21181,"Susan Martinez",80,1,"D",1,"Rep","HD-012",1,0,NA,NA,NA,NA,0,1,0,1,0,0
"WPSA.L.81.46",21181,"Susan Martinez",81,1,"D",1,"Rep","HD-012",46,7,11.804347826087,8,0.69787937088688,0.695360195360195,0,1,0,1,0,0
"WPSA.L.80.67",21182,"Connie Munk",80,1,"D",1,"Rep","HD-004",1,0,NA,NA,NA,NA,0,1,0,1,0,0
"WPSA.L.80.68",21183,"Sarah Peters",80,1,"D",1,"Rep","HD-024",1,0,NA,NA,NA,NA,0,1,0,1,0,0
"WPSA.L.81.47",21183,"Sarah Peters",81,1,"D",1,"Rep","HD-024",58,9,11.7758620689655,8,0.678228966569781,0.773504273504274,0,1,0,1,0,0
"WPSA.L.82.36",21183,"Sarah Peters",82,1,"D",1,"Rep","HD-024",60,9,12.1833333333333,9,0.688155480473425,0.815340909090909,0,1,0,1,1,0
"WPSA.L.80.69",21184,"Thomas Roberts",80,2,"R",1,"Rep","HD-013",1,0,NA,NA,NA,NA,1,0,0,0,1,0
"WPSA.L.81.48",21184,"Thomas Roberts",81,2,"R",1,"Rep","HD-013",65,8,10.7076923076923,8,0.730002603250685,0.857142857142857,1,0,0,0,1,0
"WPSA.L.82.37",21184,"Thomas Roberts",82,2,"R",1,"Rep","HD-013",1,0,2,2,1,1,1,0,0,0,0,0
"WPSA.L.80.70",21185,"Selena Torres",80,1,"D",1,"Rep","HD-003",1,0,NA,NA,NA,NA,0,1,0,1,0,0
"WPSA.L.81.49",21185,"Selena Torres",81,1,"D",1,"Rep","HD-003",72,10,11.625,7,0.724487159245762,0.909090909090909,0,1,0,1,0,0
"WPSA.L.82.38",21185,"Selena Torres",82,1,"D",1,"Rep","HD-003",60,10,10.4333333333333,5.5,0.609028981092976,0.740079365079365,0,1,0,1,1,0
"WPSA.L.80.71",21186,"Howard Watts",80,1,"D",1,"Rep","HD-015",1,0,NA,NA,NA,NA,0,1,0,0,0,0
"WPSA.L.81.50",21186,"Howard Watts",81,1,"D",1,"Rep","HD-015",58,10,11.8275862068966,4,0.640795354771988,0.80952380952381,0,1,0,0,0,0
"WPSA.L.82.39",21186,"Howard Watts",82,1,"D",1,"Rep","HD-015",66,12,11.8787878787879,8,0.729851715786522,0.943650793650794,0,1,0,0,1,1
"WPSA.L.80.72",21252,"Rochelle Nguyen",80,1,"D",1,"Rep","HD-010",1,0,NA,NA,NA,NA,0,1,0,1,0,0
"WPSA.L.81.51",21252,"Rochelle Nguyen",81,1,"D",1,"Rep","HD-010",61,10,10.1639344262295,5,0.591542526867867,0.666666666666667,0,1,0,1,0,0
"WPSA.L.82.40",21252,"Rochelle Nguyen",82,1,"D",2,"Sen","SD-003",90,12,9.1,8.5,0.719167411185664,0.781746031746032,0,1,0,1,0,0
"WPSA.L.80.73",21338,"Marcia Washington",80,1,"D",2,"Sen","SD-004",1,0,NA,NA,NA,NA,0,1,0,1,0,0
"WPSA.L.80.74",21354,"Greg Smith",80,1,"D",1,"Rep","HD-030",1,0,NA,NA,NA,NA,0,1,0,0,0,0
"WPSA.L.81.52",22753,"Carrie Buck",81,2,"R",2,"Sen","SD-005",63,11,5.95238095238095,4,0.47368720598382,0.375,1,0,0,1,0,0
"WPSA.L.82.41",22753,"Carrie Buck",82,2,"R",2,"Sen","SD-005",71,19,3.33802816901408,3,0.481276251135406,0.363636363636364,1,0,0,1,1,0
"WPSA.L.81.53",22754,"Roberta Lange",81,1,"D",2,"Sen","SD-007",41,13,7.02439024390244,3,0.555439226536787,0.5,0,1,0,1,0,0
"WPSA.L.82.42",22754,"Roberta Lange",82,1,"D",2,"Sen","SD-007",82,19,6.74390243902439,6,0.543262969744973,0.615079365079365,0,1,0,1,1,0
"WPSA.L.81.54",22756,"Cecelia Gonzalez",81,1,"D",1,"Rep","HD-016",63,6,8.68253968253968,6,0.508783574926731,0.545454545454545,0,1,0,1,0,0
"WPSA.L.82.43",22756,"Cecelia Gonzalez",82,1,"D",1,"Rep","HD-016",79,10,6.78481012658228,4,0.501117757605243,0.5,0,1,0,1,0,0
"WPSA.L.81.55",22757,"Natha Anderson",81,1,"D",1,"Rep","HD-030",59,6,5.50847457627119,4,0.352039493224088,0.321428571428571,0,1,0,1,0,0
"WPSA.L.82.44",22757,"Natha Anderson",82,1,"D",1,"Rep","HD-030",68,9,5,3,0.42534836632192,0.364357864357864,0,1,0,1,0,0
"WPSA.L.81.56",22758,"David Orentlicher",81,1,"D",1,"Rep","HD-020",41,5,16,13,0.768425543980567,0.777777777777778,0,1,0,0,0,0
"WPSA.L.82.45",22758,"David Orentlicher",82,1,"D",1,"Rep","HD-020",41,10,12.3414634146341,8,0.821352017955376,0.829268292682927,0,1,0,0,0,0
"WPSA.L.81.57",22768,"Andy Matthews",81,2,"R",1,"Rep","HD-037",45,6,11.8888888888889,11,0.636263326005234,0.714285714285714,1,0,0,0,0,0
"WPSA.L.82.46",22768,"Andy Matthews",82,2,"R",1,"Rep","HD-037",1,0,11,11,0.611111111111111,0.611111111111111,1,0,0,0,0,0
"WPSA.L.81.58",22769,"Heidi Kasama",81,2,"R",1,"Rep","HD-002",42,6,10.5,8,0.58914532106211,0.630681818181818,1,0,0,1,0,0
"WPSA.L.82.47",22769,"Heidi Kasama",82,2,"R",1,"Rep","HD-002",41,8,8.24390243902439,6,0.595795015468617,0.6,1,0,0,1,0,0
"WPSA.L.81.59",22797,"Annie Black",81,2,"R",1,"Rep","HD-019",24,6,7.25,5.5,0.442731953814992,0.412231559290383,1,0,0,1,0,0
"WPSA.L.81.60",22798,"Venicia Considine",81,1,"D",1,"Rep","HD-018",56,6,7.57142857142857,5.5,0.482302659621341,0.444444444444444,0,1,0,1,0,0
"WPSA.L.82.48",22798,"Venicia Considine",82,1,"D",1,"Rep","HD-018",49,7,7.75510204081633,5,0.601673681694997,0.555555555555556,0,1,0,1,0,0
"WPSA.L.81.61",22828,"Tracy Brown-May",81,1,"D",1,"Rep","HD-042",37,0,7.89189189189189,7,0.414793972381836,0.411764705882353,0,1,0,1,0,0
"WPSA.L.82.49",22828,"Tracy Brown-May",82,1,"D",1,"Rep","HD-042",46,9,6.28260869565217,4,0.534885122522886,0.444444444444444,0,1,0,1,0,0
"WPSA.L.81.62",22829,"Elaine Marzola",81,1,"D",1,"Rep","HD-021",48,3,12.5,9.5,0.652408886300269,0.672043010752688,0,1,0,1,0,0
"WPSA.L.82.50",22829,"Elaine Marzola",82,1,"D",1,"Rep","HD-021",32,6,8.6875,4.5,0.580582150821768,0.625,0,1,0,1,0,0
"WPSA.L.81.63",22830,"Cameron Miller",81,1,"D",1,"Rep","HD-007",46,6,11.1521739130435,7.5,0.591521989141778,0.666666666666667,0,1,0,0,0,0
"WPSA.L.82.51",22830,"Cameron Miller",82,1,"D",1,"Rep","HD-007",45,7,10.5111111111111,7,0.617198837776966,0.666666666666667,0,1,0,0,1,0
"WPSA.L.81.64",22831,"Shondra Summers-Armstrong",81,1,"D",1,"Rep","HD-006",44,5,15.0681818181818,10,0.743913772635488,0.818181818181818,0,1,0,1,0,0
"WPSA.L.82.52",22831,"Shondra Summers-Armstrong",82,1,"D",1,"Rep","HD-006",44,8,12.4545454545455,9,0.70349181359152,0.818014705882353,0,1,0,1,0,0
"WPSA.L.81.65",22832,"Clara Thomas",81,1,"D",1,"Rep","HD-017",62,5,14.8548387096774,11,0.857566657620337,0.903993855606759,0,1,0,1,0,0
"WPSA.L.82.53",22832,"Clara Thomas",82,1,"D",1,"Rep","HD-017",73,9,10.958904109589,8,0.716454022912178,0.85,0,1,0,1,0,0
"WPSA.L.81.66",22839,"Fabian Donate",81,1,"D",2,"Sen","SD-010",51,3,7.52941176470588,5,0.521741493800317,0.4,0,1,0,0,0,0
"WPSA.L.82.54",22839,"Fabian Donate",82,1,"D",2,"Sen","SD-010",104,12,5.04807692307692,3,0.456606566357714,0.405882352941176,0,1,0,0,1,1
"WPSA.L.82.55",24694,"Rich DeLong",82,2,"R",1,"Rep","HD-026",30,4,6.46666666666667,6,0.456499665052297,0.4375,1,0,0,0,1,1
"WPSA.L.82.56",24695,"Reuben D'Silva",82,1,"D",1,"Rep","HD-028",68,6,8.11764705882353,6,0.539833740664445,0.510065814943864,0,1,0,0,0,0
"WPSA.L.82.57",24696,"Danielle Gallant",82,2,"R",1,"Rep","HD-023",42,5,6.83333333333333,6,0.542890354795117,0.542568542568542,1,0,0,1,1,0
"WPSA.L.82.58",24697,"Ken Gray",82,2,"R",1,"Rep","HD-039",44,6,5.45454545454545,3,0.437727820203897,0.441558441558442,1,0,0,0,0,0
"WPSA.L.82.59",24698,"Bert Gurr",82,2,"R",1,"Rep","HD-033",45,5,7.93333333333333,6,0.665041918769989,0.666666666666667,1,0,0,0,0,0
"WPSA.L.82.60",24699,"Brian Hibbetts",82,2,"R",1,"Rep","HD-013",34,6,9.29411764705882,7.5,0.665105695388203,0.69375,1,0,0,0,0,0
"WPSA.L.82.61",24700,"Gregory Koenig",82,2,"R",1,"Rep","HD-038",39,3,11.8974358974359,11,0.77658124039703,0.8125,1,0,0,0,0,0
"WPSA.L.82.62",24701,"Selena La Rue Hatch",82,1,"D",1,"Rep","HD-025",41,6,9.92682926829268,8,0.525034875274784,0.6,0,1,0,1,0,0
"WPSA.L.82.63",24702,"Erica Mosca",82,1,"D",1,"Rep","HD-014",35,6,14.4,13,0.720222326692996,0.75609756097561,0,1,0,1,0,0
"WPSA.L.82.64",24703,"Duy Nguyen",82,1,"D",1,"Rep","HD-008",56,6,11.7857142857143,9,0.692281412565151,0.763888888888889,0,1,0,0,0,0
"WPSA.L.82.65",24704,"Jeff Stone",82,2,"R",2,"Sen","SD-020",98,12,6.59183673469388,4,0.677351968442518,0.75,1,0,0,0,1,1
"WPSA.L.82.66",24705,"Thaddeus Yurek",82,2,"R",1,"Rep","HD-019",37,5,10.7297297297297,6,0.707228717097138,0.863636363636364,1,0,0,0,0,0
"WPSA.L.82.67",24823,"Max Carter",82,1,"D",1,"Rep","HD-012",46,5,8.45652173913044,6,0.51504628350064,0.49,0,1,0,0,0,0
"WPSA.L.82.68",24824,"Julie Pazina",82,1,"D",2,"Sen","SD-012",83,9,9.49397590361446,9,0.750166774770755,0.857142857142857,0,1,0,1,0,0
"WPSA.L.82.69",24825,"Angie Taylor",82,1,"D",1,"Rep","HD-027",55,5,15.0545454545455,14,0.818100995128576,0.894736842105263,0,1,0,1,0,0
"WPSA.L.82.70",24874,"Sabra Newby",82,1,"D",1,"Rep","HD-010",33,2,16.3939393939394,14,0.765792673865204,0.785714285714286,0,1,0,1,0,0
